{
  "hs-brexit-dataset_sample1": {
    "text": "<user> THIS is why #Brexit was so important and the right decision! Foreign investment will rise with Britain in control. #LeaveWins",
    "annotation task": "hate speech detection",
    "number of annotations": "6",
    "annotations": "0,0,0,0,0,0",
    "annotators": "Ann1,Ann2,Ann3,Ann4,Ann5,Ann6",
    "lang": "en",
    "hard_label": 0,
    "soft_label": [
      1,
      0
    ],
    "split": "sample",
    "other_info": {
      "Annotators_group": "group1,group1,group1,group2,group2,group2",
      "other annotations": {
        "aggressive language detection": "0,0,0,0,0,0",
        "offensive language detection": "0,0,0,0,0,0"
      }
    }
  },
  "hs-brexit-dataset_sample2": {
    "text": "RT <user>: amanpour's a pro- refujihadi rapefugee dhimmi. See how that works? #MakeBritainGreatAgain <url>",
    "annotation task": "hate speech detection",
    "number of annotations": "6",
    "annotations": "1,0,0,1,1,1",
    "annotators": "Ann1,Ann2,Ann3,Ann4,Ann5,Ann6",
    "lang": "en",
    "hard_label": 1,
    "soft_label": [
      0.333,
      0.666
    ],
    "split": "sample",
    "other_info": {
      "Annotators_group": "group1,group1,group1,group2,group2,group2",
      "other annotations": {
        "aggressive language detection": "1,1,1,1,1,1",
        "offensive language detection": "0,0,0,0,1,0"
      }
    }
  },
  "hs-brexit-dataset_sample3": {
    "text": "<user> so true ask anyone who voted out it was all about immigration because everything else was based on theories and lies #Brexit",
    "annotation task": "hate speech detection",
    "number of annotations": "6",
    "annotations": "0,0,0,0,0,0",
    "annotators": "Ann1,Ann2,Ann3,Ann4,Ann5,Ann6",
    "lang": "en",
    "hard_label": 0,
    "soft_label": [
      1,
      0
    ],
    "split": "sample",
    "other_info": {
      "Annotators_group": "group1,group1,group1,group2,group2,group2",
      "other annotations": {
        "aggressive language detection": "0,0,1,0,0,0",
        "offensive language detection": "0,0,0,0,0,0"
      }
    }
  },
  "hs-brexit-dataset_sample4": {
    "text": "Unvetted refugees pouring into Europe was the main reason for UK #Brexit. <user> wants a 550% increase in refugees! NO!! #Trump2016",
    "annotation task": "hate speech detection",
    "number of annotations": "6",
    "annotations": "0,0,1,0,1,0",
    "annotators": "Ann1,Ann2,Ann3,Ann4,Ann5,Ann6",
    "lang": "en",
    "hard_label": 0,
    "soft_label": [
      0.666,
      0.333
    ],
    "split": "sample",
    "other_info": {
      "Annotators_group": "group1,group1,group1,group2,group2,group2",
      "other annotations": {
        "aggressive language detection": "0,0,0,1,1,0",
        "offensive language detection": "1,1,0,0,0,0"
      }
    }
  }
}