{
  "agr-dataset_sample1": {
    "text": " All bullshit !!!!!!",
    "annotation task": "offensive language detection",
    "number of annotations": "5",
    "annotations": "1,0,1,0,1",
    "annotators": "Ann101,Ann102,Ann103,Ann266,Ann276",
    "lang": "en",
    "hard_label": 1,
    "soft_label": [
      0.4,
      0.6
    ],
    "split": "sample",
    "other_info": {
      "domain": "Covid-19"
    }
  },
  "agr-dataset_sample2": {
    "text": "<user> <user> <user> What... do you actually believe this? The left wing media is addicted to Donald Trump.",
    "annotation task": "offensive language detection",
    "number of annotations": "5",
    "annotations": "0,0,1,0,0",
    "annotators": "Ann1,Ann2,Ann3,Ann4,Ann5",
    "lang": "en",
    "hard_label": 0,
    "soft_label": [
      0.8,
      0.2
    ],
    "split": "sample",
    "other_info": {
      "domain": "Elections2020"
    }
  },
  "agr-dataset_sample3": {
    "unique_id": "agr-dataset_sample3",
    "text": "<user> <user> bruh trump literally said he would fuck his underage daughter one time",
    "annotation task": "offensive language detection",
    "number of annotations": "5",
    "annotations": "1,1,1,1,1",
    "annotators": "Ann1,Ann2,Ann3,Ann4,Ann5",
    "lang": "en",
    "hard_label": 1,
    "soft_label": [
      0,
      1
    ],
    "split": "sample",
    "other_info": {
      "domain": "Elections2020"
    }
  },
  "agr-dataset_sample4": {
    "text": "<user> <user> <user> For me it's all about 👏aspiration 👏",
    "annotation task": "offensive language detection",
    "number of annotations": "5",
    "annotations": "0,0,0,0,0",
    "annotators": "Ann4,Ann5,Ann6,Ann7,Ann8",
    "lang": "en",
    "hard_label": 0,
    "soft_label": [
      1,
      0
    ],
    "split": "sample",
    "other_info": {
      "domain": "Elections2020"
    }
  },
  "agr-dataset_sample5": {
    "text": "<user> <user> <user> It’s a mitigating factor for a manslaughter charge.  Why wasn’t #GeorgeFloyd in self isolation?",
    "annotation task": "offensive language detection",
    "number of annotations": "5",
    "annotations": "0,0,1,0,0",
    "annotators": "Ann12,Ann22,Ann327,Ann328,Ann329",
    "lang": "en",
    "hard_label": 0,
    "soft_label": [
      0.8,
      0.2
    ],
    "split": "sample",
    "other_info": {
      "domain": "BLM"
    }
  }
}