{
  "ConvAbuse-dataset_sample1": {
    "text": {
      "prev_agent": "please go on.",
      "prev_user": "well, i have a eatproblem",
      "agent": "can you elaborate on that?",
      "user": "yes"
    },
    "annotation task": "abusive language detection",
    "number of annotations": 3,
    "annotations": "1,1,1",
    "annotators": "Ann2,Ann3,Ann7",
    "lang": "en",
    "hard_label": "0",
    "soft_label": [
      1,
      0
    ],
    "split": "sample",
    "other_info": {
      "bot": "E.L.I.Z.A.",
      "example_id": "278.0",
      "conv_id": "164070.0",
      "other_annotations": {
        "ableist": "0,0,0",
        "homophobic": "0,0,0",
        "intellectual": "0,0,0",
        "racist": "0,0,0",
        "sexist": "0,0,0",
        "sex_harassment": "0,0,0",
        "target.generalised": "0,0,0",
        "target.individual": "0,0,0",
        "target.system": "0,0,0",
        "explicit": "0,0,0",
        "implicit": "0,0,0"
      }
    }
  },
  "ConvAbuse-dataset_sample2": {
    "text": {
      "prev_agent": "will you be travelling in economy class?",
      "prev_user": "no",
      "agent": "what city will you be flying from?",
      "user": "bangalore"
    },
    "annotation task": "abusive language detection",
    "number of annotations": 3,
    "annotations": "1,1,1",
    "annotators": "Ann1,Ann2,Ann3",
    "lang": "en",
    "hard_label": "0",
    "soft_label": [
      1,
      0
    ],
    "split": "sample",
    "other_info": {
      "bot": "CarbonBot",
      "example_id": "2440.0",
      "conv_id": "3326148254080022",
      "other_annotations": {
        "ableist": "0,0,0",
        "homophobic": "0,0,0",
        "intellectual": "0,0,0",
        "racist": "0,0,0",
        "sexist": "0,0,0",
        "sex_harassment": "0,0,0",
        "target.generalised": "0,0,0",
        "target.individual": "0,0,0",
        "target.system": "0,0,0",
        "explicit": "0,0,0",
        "implicit": "0,0,0"
      }
    }
  },
  "ConvAbuse-dataset_sample3": {
    "text": {
      "prev_agent": "do any other reasons not come to mind?",
      "prev_user": "i want to cum",
      "agent": "why do you want to cum?",
      "user": "it feels good"
    },
    "annotation task": "abusive language detection",
    "number of annotations": 3,
    "annotations": "1,-1,1",
    "annotators": "Ann2,Ann5,Ann7",
    "lang": "en",
    "hard_label": "0",
    "soft_label": [
      0.666,
      0.333
    ],
    "split": "sample",
    "other_info": {
      "bot": "E.L.I.Z.A.",
      "example_id": "1876.0",
      "conv_id": "292274.0",
      "other_annotations": {
        "ableist": "0,0,0",
        "homophobic": "0,0,0",
        "intellectual": "0,0,0",
        "racist": "0,0,0",
        "sexist": "0,0,0",
        "sex_harassment": "0,1,0",
        "target.generalised": "0,0,0",
        "target.individual": "0,0,0",
        "target.system": "0,1,0",
        "explicit": "0,0,0",
        "implicit": "0,1,0"
      }
    }
  },
  "ConvAbuse-dataset_sample4": {
    "text": {
      "prev_agent": "i take it you are traveling somewhere and cannot avoid flying there. i can help you purchase certified carbon offsets against any flights you take. would you be interested in that?",
      "prev_user": "offsts",
      "agent": "i'm not sure about your departure airport. what city will you be flying from?",
      "user": "islamabad"
    },
    "annotation task": "abusive language detection",
    "number of annotations": 3,
    "annotations": "1,1,1",
    "annotators": "Ann2,Ann5,Ann6",
    "lang": "en",
    "hard_label": "0",
    "soft_label": [
      1,
      0
    ],
    "split": "sample",
    "other_info": {
      "bot": "CarbonBot",
      "example_id": "2719.0",
      "conv_id": "3599929203350556",
      "other_annotations": {
        "ableist": "0,0,0",
        "homophobic": "0,0,0",
        "intellectual": "0,0,0",
        "racist": "0,0,0",
        "sexist": "0,0,0",
        "sex_harassment": "0,0,0",
        "target.generalised": "0,0,0",
        "target.individual": "0,0,0",
        "target.system": "0,0,0",
        "explicit": "0,0,0",
        "implicit": "0,0,0"
      }
    }
  },
  "ConvAbuse-dataset_sample5": {
    "text": {
      "prev_agent": "have you tried?",
      "prev_user": "yes.",
      "agent": "you are sure?",
      "user": "boy"
    },
    "annotation task": "abusive language detection",
    "number of annotations": 3,
    "annotations": "1,1,0",
    "annotators": "Ann1,Ann4,Ann5",
    "lang": "en",
    "hard_label": "0",
    "soft_label": [
      1,
      0
    ],
    "split": "sample",
    "other_info": {
      "bot": "E.L.I.Z.A.",
      "example_id": "3379.0",
      "conv_id": "461693.0",
      "other_annotations": {
        "ableist": "0,0,0",
        "homophobic": "0,0,0",
        "intellectual": "0,0,0",
        "racist": "0,0,0",
        "sexist": "0,0,0",
        "sex_harassment": "0,0,0",
        "target.generalised": "0,0,0",
        "target.individual": "0,0,0",
        "target.system": "0,0,0",
        "explicit": "0,0,0",
        "implicit": "0,0,0"
      }
    }
  }
}