{
  "armis-dataset_sample1": {
    "text": "المهم طلعنا من الرحلة قلنا نبي مطعم جوعانين جان تزفنا وقالت انتوا صايعات تبون تروحون المطعم عشان الشباب يغازلونكم قلنا خلاص درايف ثرو ماننزل جان تقول ايه عشان تجمعون علي الشباب حوالين الباص كانت صج مريييضة ومعقدة الله يعين عيالها عليها😭😭😭😭😭😭",
    "annotation task": "misogyny and sexism detection in Arabic tweets",
    "number of annotations": "3",
    "annotations": "0,0,1",
    "annotators": "Ann1,Ann2,Ann3",
    "lang": "ar",
    "hard_label": 0,
    "soft_label": [
      0.666,
      0.333
    ],
    "split": "sample",
    "other_info": {
      "Annotators group": " Mod_Female , Lib_Female , Cons_Male"
    }
  },
  "armis-dataset_sample2": {
    "text": "<user> اخي اعتذر سوف يتم الغا متابعتك لان المقطع فيه نساء سافرات وهذا من نشر المنكرات",
    "annotation task": "misogyny and sexism detection in Arabic tweets",
    "number of annotations": "3",
    "annotations": "0,0,1",
    "annotators": "Ann1,Ann2,Ann3",
    "lang": "ar",
    "hard_label": 0,
    "soft_label": [
      0.666,
      0.333
    ],
    "split": "sample",
    "other_info": {
      "Annotators group": " Mod_Female , Lib_Female , Cons_Male"
    }
  },
  "armis-dataset_sample3": {
    "text": "<user> الفئران نساء فاسدات والأسود رجال يطردهم 🙊",
    "annotation task": "misogyny and sexism detection in Arabic tweets",
    "number of annotations": "3",
    "annotations": "1,1,1",
    "annotators": "Ann1,Ann2,Ann3",
    "lang": "ar",
    "hard_label": 1,
    "soft_label": [
      0,
      1
    ],
    "split": "sample",
    "other_info": {
      "Annotators group": " Mod_Female , Lib_Female , Cons_Male"
    }
  },
  "armis-dataset_sample4": {
    "text": "<user> <user> <user> النساء صاروا واليات و حاكمات و سفيرات يا ساتر تثقف في دينك عن الملكة بلقيس هههههههههههه جهلة اخر زمن",
    "annotation task": "misogyny and sexism detection in Arabic tweets",
    "number of annotations": "3",
    "annotations": "0,0,0",
    "annotators": "Ann1,Ann2,Ann3",
    "lang": "ar",
    "hard_label": 0,
    "soft_label": [
      1,
      0
    ],
    "split": "sample",
    "other_info": {
      "Annotators group": " Mod_Female , Lib_Female , Cons_Male"
    }
  },
  "armis-dataset_sample5": {
    "text": "<user> <user> ناقصات عقل و الدين عشان شهادة المحكمة و الدورة، و اغلب اهل نار بسبب عدد اناث الارض، و اكثر اهل الجنة بعد و الجنة تحت ارجلنا و احنا سبب ادخال اهالينا الجنة سواء امهات او اطفال عند الموت، ف لا تسوي لي فيها شريف و المصايب كلها جاية منكم و الجنة محكورة عليكم، فوق انك ناقص دين كمان ؟",
    "annotation task": "misogyny and sexism detection in Arabic tweets",
    "number of annotations": "3",
    "annotations": "0,0,0",
    "annotators": "Ann1,Ann2,Ann3",
    "lang": "ar",
    "hard_label": 0,
    "soft_label": [
      1,
      0
    ],
    "split": "sample",
    "other_info": {
      "Ann1": "Moderate_Female",
      "Ann2": "Liberal_Female",
      "Ann3": "Conservative_Male"
    }
  },
  "armis-dataset_sample6": {
    "text": "#عنصرية_متنية لما يحاول يقنعك أنه بيحب المرأة المتحررة",
    "annotation task": "misogyny and sexism detection in Arabic tweets",
    "number of annotations": "3",
    "annotations": "0,0,0",
    "annotators": "Ann1,Ann2,Ann3",
    "lang": "ar",
    "hard_label": 0,
    "soft_label": [
      1,
      0
    ],
    "split": "sample",    
    "other_info": {
      "Annotators group": " Mod_Female , Lib_Female , Cons_Male"
    }
  },
  "armis-dataset_sample7": {
    "text": "<user> المغاربه اللى بيتكلموا عن بنات مصر هههههههه عجبت لك يازمن طيب اللى بيتريق على بنات مصر يروح يلم لحمه وعرضه من شوارع أوروبا ومصر والخليج ومش عايز اقول اكتر من كدا وماحدش حكالى شوفتهم بعينى",
    "annotation task": "misogyny and sexism detection in Arabic tweets",
    "number of annotations": "3",
    "annotations": "1,0,1",
    "annotators": "Ann1,Ann2,Ann3",
    "lang": "ar",
    "hard_label": 1,
    "soft_label": [
      0.333,
      0.666
    ],
    "split": "sample",   
    "other_info": {
      "Ann1": "Moderate_Female",
      "Ann2": "Liberal_Female",
      "Ann3": "Conservative_Male"
    }
  },
  "armis-dataset_sample8": {
    "text": "<user> <user> كل وحدة جلست تتخذ نصر الحربي كاثبات على وحشية الرجال..هذي امراة لا يؤخذ منها شيئ مفيد.. حتى تتغير وتنضبط.. وترى زي مافي رجال قذرين في نساء قذرات وزي مافي رجال محترمين فيه نساء محترمات السلوكيات والشخصيات والحالات النفسية  بشتى انواعها ليست  فقط في الذكور بل في جميع الجنسين..",
    "annotation task": "misogyny and sexism detection in Arabic tweets",
    "number of annotations": "3",
    "annotations": "1,1,1",
    "annotators": "Ann1,Ann2,Ann3",
    "lang": "ar",
    "hard_label": 1,
    "soft_label": [
      0,
      1
    ],
    "split": "sample",    
    "other_info": {
      "Annotators group": " Mod_Female , Lib_Female , Cons_Male"
    }
  },
  "armis-dataset_sample9": {
    "text": "<user> فقرة خطيه نسيتوا العنف ضد المرأة 😂💔",
    "annotation task": "misogyny and sexism detection in Arabic tweets",
    "number of annotations": "3",
    "annotations": "0,0,0",
    "annotators": "Ann1,Ann2,Ann3",
    "lang": "ar",
    "hard_label": 0,
    "soft_label": [
      1,
      0
    ],
    "split": "sample",    
    "other_info": {
      "Annotators group": " Mod_Female , Lib_Female , Cons_Male"
    }
  },
  "armis-dataset_sample10": {
    "text": "<user> <user> <user> المرآه امي و اختي و بنتي ، بس النسويات يتبنون افكار هدامه ، مثل دعم الألحاد و الحريه الجنسية و الميول الخطأ ، لذلك ما اخطيت بشئ ولا هم يحزنون",
    "annotation task": "misogyny and sexism detection in Arabic tweets",
    "number of annotations": "3",
    "annotations": "0,0,0",
    "annotators": "Ann1,Ann2,Ann3",
    "lang": "ar",
    "hard_label": 0,
    "soft_label": [
      1,
      0
    ],
    "split": "sample",    
    "other_info": {
      "Annotators group": " Mod_Female , Lib_Female , Cons_Male"
    }
  }
}